stringId_A,stringId_B,preferredName_A,preferredName_B,ncbiTaxonId,score,nscore,fscore,pscore,ascore,escore,dscore,tscore
9606.ENSP00000053243,9606.ENSP00000229135,TNFRSF17,IFNG,9606,0.41,0.0,0.0,0.0,0.065,0.0,0.0,0.395
9606.ENSP00000053243,9606.ENSP00000376197,TNFRSF17,TFRC,9606,0.424,0.0,0.0,0.0,0.0,0.0,0.0,0.424
9606.ENSP00000053243,9606.ENSP00000497102,TNFRSF17,CTLA4,9606,0.425,0.0,0.0,0.0,0.086,0.0,0.0,0.397
9606.ENSP00000053243,9606.ENSP00000451506,TNFRSF17,TCL1A,9606,0.435,0.0,0.0,0.0,0.195,0.0,0.0,0.327
9606.ENSP00000053243,9606.ENSP00000363689,TNFRSF17,ID3,9606,0.471,0.0,0.0,0.0,0.047,0.0,0.0,0.468
9606.ENSP00000053243,9606.ENSP00000324890,TNFRSF17,CD28,9606,0.524,0.0,0.0,0.0,0.124,0.0,0.0,0.479
9606.ENSP00000053243,9606.ENSP00000376544,TNFRSF17,CD79B,9606,0.524,0.0,0.0,0.0,0.242,0.0,0.0,0.398
9606.ENSP00000053243,9606.ENSP00000398698,TNFRSF17,TNF,9606,0.678,0.0,0.0,0.0,0.0,0.0,0.0,0.678
9606.ENSP00000053243,9606.ENSP00000221972,TNFRSF17,CD79A,9606,0.793,0.0,0.0,0.0,0.429,0.0,0.0,0.654
9606.ENSP00000053243,9606.ENSP00000376786,TNFRSF17,POU2AF1,9606,0.871,0.0,0.0,0.0,0.779,0.0,0.0,0.443
9606.ENSP00000221972,9606.ENSP00000410481,CD79A,LTB,9606,0.401,0.0,0.0,0.0,0.299,0.0,0.0,0.181
9606.ENSP00000221972,9606.ENSP00000398698,CD79A,TNF,9606,0.413,0.0,0.0,0.0,0.109,0.0,0.0,0.369
9606.ENSP00000221972,9606.ENSP00000324890,CD79A,CD28,9606,0.441,0.0,0.0,0.0,0.118,0.0,0.0,0.392
9606.ENSP00000221972,9606.ENSP00000497102,CD79A,CTLA4,9606,0.474,0.0,0.0,0.0,0.127,0.0,0.0,0.421
9606.ENSP00000221972,9606.ENSP00000338010,CD79A,IL21R,9606,0.503,0.0,0.0,0.275,0.177,0.0,0.0,0.235
9606.ENSP00000221972,9606.ENSP00000262965,CD79A,TCF3,9606,0.518,0.0,0.0,0.0,0.113,0.0,0.0,0.479
9606.ENSP00000221972,9606.ENSP00000363689,CD79A,ID3,9606,0.634,0.0,0.0,0.0,0.062,0.0,0.0,0.626
9606.ENSP00000221972,9606.ENSP00000376197,CD79A,TFRC,9606,0.656,0.0,0.0,0.0,0.0,0.0,0.0,0.656
9606.ENSP00000221972,9606.ENSP00000451506,CD79A,TCL1A,9606,0.711,0.0,0.0,0.0,0.5,0.0,0.0,0.447
9606.ENSP00000221972,9606.ENSP00000322898,CD79A,EBF1,9606,0.732,0.0,0.0,0.0,0.149,0.0,0.0,0.699
9606.ENSP00000221972,9606.ENSP00000376786,CD79A,POU2AF1,9606,0.913,0.0,0.0,0.0,0.78,0.0,0.0,0.625
9606.ENSP00000221972,9606.ENSP00000376544,CD79A,CD79B,9606,0.999,0.0,0.0,0.0,0.797,0.983,0.8,0.992
9606.ENSP00000229135,9606.ENSP00000239938,IFNG,EGR1,9606,0.431,0.0,0.0,0.0,0.086,0.0,0.0,0.403
9606.ENSP00000229135,9606.ENSP00000339527,IFNG,FOXO3,9606,0.441,0.0,0.0,0.0,0.044,0.0,0.0,0.439
9606.ENSP00000229135,9606.ENSP00000295408,IFNG,MERTK,9606,0.452,0.0,0.0,0.0,0.051,0.0,0.0,0.447
9606.ENSP00000229135,9606.ENSP00000448665,IFNG,DDIT3,9606,0.459,0.0,0.0,0.0,0.0,0.0,0.0,0.459
9606.ENSP00000229135,9606.ENSP00000242480,IFNG,EGR2,9606,0.463,0.0,0.0,0.0,0.112,0.0,0.0,0.42
9606.ENSP00000229135,9606.ENSP00000333277,IFNG,H3C13,9606,0.501,0.0,0.0,0.0,0.0,0.0,0.0,0.501
9606.ENSP00000229135,9606.ENSP00000320147,IFNG,EZH2,9606,0.523,0.0,0.0,0.0,0.056,0.0,0.0,0.515
9606.ENSP00000229135,9606.ENSP00000410481,IFNG,LTB,9606,0.539,0.0,0.0,0.0,0.108,0.0,0.0,0.505
9606.ENSP00000229135,9606.ENSP00000321797,IFNG,FGF8,9606,0.575,0.0,0.0,0.0,0.052,0.0,0.0,0.571
9606.ENSP00000229135,9606.ENSP00000371790,IFNG,FGF9,9606,0.585,0.0,0.0,0.0,0.058,0.0,0.0,0.578
9606.ENSP00000229135,9606.ENSP00000302961,IFNG,HSPA4,9606,0.585,0.0,0.0,0.0,0.0,0.0,0.0,0.585
9606.ENSP00000229135,9606.ENSP00000352798,IFNG,COL18A1,9606,0.589,0.0,0.0,0.0,0.0,0.0,0.0,0.589
9606.ENSP00000229135,9606.ENSP00000358501,IFNG,CD58,9606,0.594,0.0,0.0,0.0,0.083,0.0,0.0,0.575
9606.ENSP00000229135,9606.ENSP00000376197,IFNG,TFRC,9606,0.604,0.0,0.0,0.0,0.094,0.0,0.0,0.581
9606.ENSP00000229135,9606.ENSP00000339477,IFNG,ICOSLG,9606,0.604,0.0,0.0,0.0,0.042,0.0,0.0,0.603
9606.ENSP00000229135,9606.ENSP00000432511,IFNG,JAK3,9606,0.641,0.0,0.0,0.0,0.139,0.0,0.0,0.6
9606.ENSP00000229135,9606.ENSP00000269571,IFNG,ERBB2,9606,0.647,0.0,0.0,0.0,0.0,0.0,0.0,0.647
9606.ENSP00000229135,9606.ENSP00000399168,IFNG,HLA-B,9606,0.673,0.0,0.0,0.0,0.059,0.0,0.0,0.667
9606.ENSP00000229135,9606.ENSP00000360181,IFNG,SH2D1A,9606,0.799,0.0,0.0,0.0,0.294,0.0,0.0,0.727
9606.ENSP00000229135,9606.ENSP00000338010,IFNG,IL21R,9606,0.872,0.0,0.0,0.0,0.171,0.0,0.65,0.594
9606.ENSP00000229135,9606.ENSP00000368632,IFNG,GATA3,9606,0.89,0.0,0.0,0.0,0.129,0.0,0.0,0.879
9606.ENSP00000229135,9606.ENSP00000398568,IFNG,PRF1,9606,0.95,0.0,0.0,0.0,0.334,0.0,0.0,0.929
9606.ENSP00000229135,9606.ENSP00000497102,IFNG,CTLA4,9606,0.951,0.0,0.0,0.0,0.302,0.0,0.0,0.933
9606.ENSP00000229135,9606.ENSP00000324890,IFNG,CD28,9606,0.954,0.0,0.0,0.0,0.123,0.0,0.0,0.95
9606.ENSP00000229135,9606.ENSP00000351255,IFNG,STAT4,9606,0.981,0.0,0.0,0.0,0.186,0.0,0.75,0.917
9606.ENSP00000229135,9606.ENSP00000398698,IFNG,TNF,9606,0.991,0.0,0.0,0.0,0.202,0.0,0.0,0.99
9606.ENSP00000233893,9606.ENSP00000411532,HSPE1,TOP2A,9606,0.404,0.07,0.0,0.0,0.095,0.0,0.0,0.349
9606.ENSP00000233893,9606.ENSP00000364805,HSPE1,HSPA1L,9606,0.768,0.059,0.0,0.0,0.4,0.091,0.0,0.601
9606.ENSP00000233893,9606.ENSP00000302961,HSPE1,HSPA4,9606,0.93,0.059,0.0,0.0,0.46,0.23,0.0,0.842
9606.ENSP00000237853,9606.ENSP00000428426,ELL2,TCEA1,9606,0.425,0.0,0.0,0.0,0.042,0.096,0.0,0.389
9606.ENSP00000237853,9606.ENSP00000356405,ELL2,CDC73,9606,0.921,0.0,0.0,0.0,0.045,0.0,0.9,0.243
9606.ENSP00000237853,9606.ENSP00000378578,ELL2,AFF1,9606,0.999,0.0,0.0,0.0,0.117,0.616,0.9,0.997
9606.ENSP00000239938,9606.ENSP00000339527,EGR1,FOXO3,9606,0.421,0.0,0.0,0.0,0.042,0.096,0.0,0.386
9606.ENSP00000239938,9606.ENSP00000368632,EGR1,GATA3,9606,0.425,0.0,0.0,0.0,0.083,0.091,0.0,0.366
9606.ENSP00000239938,9606.ENSP00000269571,EGR1,ERBB2,9606,0.427,0.0,0.0,0.0,0.0,0.045,0.0,0.425
9606.ENSP00000239938,9606.ENSP00000498653,EGR1,DEK,9606,0.447,0.0,0.0,0.0,0.0,0.065,0.0,0.433
9606.ENSP00000239938,9606.ENSP00000356832,EGR1,SGK1,9606,0.463,0.0,0.0,0.0,0.154,0.095,0.0,0.355
9606.ENSP00000239938,9606.ENSP00000365858,EGR1,GATA1,9606,0.468,0.0,0.0,0.0,0.0,0.091,0.0,0.439
9606.ENSP00000239938,9606.ENSP00000333277,EGR1,H3C13,9606,0.501,0.0,0.0,0.0,0.056,0.099,0.0,0.461
9606.ENSP00000239938,9606.ENSP00000478927,EGR1,YAP1,9606,0.544,0.0,0.0,0.0,0.0,0.083,0.0,0.523
9606.ENSP00000239938,9606.ENSP00000322898,EGR1,EBF1,9606,0.597,0.0,0.0,0.0,0.043,0.071,0.0,0.583
9606.ENSP00000239938,9606.ENSP00000398698,EGR1,TNF,9606,0.621,0.0,0.0,0.0,0.127,0.058,0.0,0.577
9606.ENSP00000239938,9606.ENSP00000302961,EGR1,HSPA4,9606,0.621,0.0,0.0,0.0,0.0,0.096,0.0,0.598
9606.ENSP00000239938,9606.ENSP00000316578,EGR1,SUZ12,9606,0.65,0.0,0.0,0.0,0.0,0.11,0.5,0.278
9606.ENSP00000239938,9606.ENSP00000258149,EGR1,MDM2,9606,0.684,0.0,0.0,0.0,0.0,0.515,0.0,0.377
9606.ENSP00000239938,9606.ENSP00000264110,EGR1,ATF2,9606,0.744,0.0,0.0,0.0,0.0,0.311,0.5,0.316
9606.ENSP00000239938,9606.ENSP00000320147,EGR1,EZH2,9606,0.798,0.0,0.0,0.0,0.067,0.331,0.5,0.43
9606.ENSP00000239938,9606.ENSP00000252818,EGR1,JUND,9606,0.962,0.0,0.0,0.0,0.149,0.634,0.5,0.786
9606.ENSP00000239938,9606.ENSP00000242480,EGR1,EGR2,9606,0.98,0.0,0.0,0.0,0.804,0.049,0.8,0.538
9606.ENSP00000242480,9606.ENSP00000338010,EGR2,IL21R,9606,0.468,0.0,0.0,0.0,0.114,0.0,0.0,0.425
9606.ENSP00000242480,9606.ENSP00000262965,EGR2,TCF3,9606,0.53,0.0,0.0,0.0,0.0,0.066,0.0,0.517
9606.ENSP00000242480,9606.ENSP00000398698,EGR2,TNF,9606,0.543,0.0,0.0,0.0,0.262,0.058,0.0,0.396
9606.ENSP00000242480,9606.ENSP00000244537,EGR2,H4C6,9606,0.567,0.0,0.0,0.0,0.0,0.091,0.5,0.125
9606.ENSP00000242480,9606.ENSP00000478927,EGR2,YAP1,9606,0.578,0.0,0.0,0.0,0.0,0.093,0.5,0.144
9606.ENSP00000242480,9606.ENSP00000405890,EGR2,PBX1,9606,0.582,0.0,0.0,0.0,0.0,0.048,0.5,0.192
9606.ENSP00000242480,9606.ENSP00000316578,EGR2,SUZ12,9606,0.597,0.0,0.0,0.0,0.0,0.11,0.5,0.167
9606.ENSP00000242480,9606.ENSP00000368632,EGR2,GATA3,9606,0.6,0.0,0.0,0.0,0.105,0.091,0.0,0.547
9606.ENSP00000242480,9606.ENSP00000268712,EGR2,NCOR1,9606,0.618,0.0,0.0,0.0,0.0,0.125,0.5,0.197
9606.ENSP00000242480,9606.ENSP00000320147,EGR2,EZH2,9606,0.652,0.0,0.0,0.0,0.067,0.095,0.5,0.272
9606.ENSP00000242480,9606.ENSP00000333277,EGR2,H3C13,9606,0.659,0.0,0.0,0.0,0.0,0.099,0.5,0.305
9606.ENSP00000242480,9606.ENSP00000252818,EGR2,JUND,9606,0.73,0.0,0.0,0.0,0.119,0.091,0.5,0.406
9606.ENSP00000244537,9606.ENSP00000279873,H4C6,ARID5B,9606,0.4,0.0,0.0,0.0,0.0,0.37,0.0,0.087
9606.ENSP00000244537,9606.ENSP00000491215,H4C6,HNRNPU,9606,0.413,0.0,0.0,0.0,0.067,0.292,0.0,0.184
9606.ENSP00000244537,9606.ENSP00000298139,H4C6,WRN,9606,0.445,0.0,0.0,0.0,0.069,0.292,0.0,0.225
9606.ENSP00000244537,9606.ENSP00000346001,H4C6,RPL3,9606,0.446,0.0,0.0,0.0,0.155,0.292,0.0,0.148
9606.ENSP00000244537,9606.ENSP00000478927,H4C6,YAP1,9606,0.452,0.0,0.0,0.0,0.049,0.386,0.0,0.137
9606.ENSP00000244537,9606.ENSP00000336701,H4C6,RAD51C,9606,0.453,0.0,0.0,0.0,0.053,0.0,0.4,0.115
9606.ENSP00000244537,9606.ENSP00000354522,H4C6,TOP1,9606,0.46,0.0,0.0,0.0,0.057,0.314,0.0,0.231
9606.ENSP00000244537,9606.ENSP00000368632,H4C6,GATA3,9606,0.587,0.0,0.0,0.0,0.0,0.097,0.5,0.159
9606.ENSP00000244537,9606.ENSP00000364589,H4C6,CUL4A,9606,0.643,0.0,0.0,0.0,0.047,0.51,0.0,0.297
9606.ENSP00000244537,9606.ENSP00000268058,H4C6,PML,9606,0.65,0.0,0.0,0.0,0.049,0.273,0.5,0.107
9606.ENSP00000244537,9606.ENSP00000405574,H4C6,TBL1XR1,9606,0.653,0.0,0.0,0.0,0.049,0.328,0.4,0.201
9606.ENSP00000244537,9606.ENSP00000252818,H4C6,JUND,9606,0.662,0.0,0.0,0.0,0.0,0.292,0.5,0.124
9606.ENSP00000244537,9606.ENSP00000264110,H4C6,ATF2,9606,0.687,0.0,0.0,0.0,0.0,0.314,0.5,0.162
9606.ENSP00000244537,9606.ENSP00000302961,H4C6,HSPA4,9606,0.697,0.0,0.0,0.0,0.072,0.06,0.0,0.68
9606.ENSP00000244537,9606.ENSP00000411532,H4C6,TOP2A,9606,0.734,0.0,0.0,0.0,0.049,0.63,0.0,0.306
9606.ENSP00000244537,9606.ENSP00000266970,H4C6,CDK2,9606,0.779,0.0,0.0,0.0,0.054,0.333,0.5,0.382
9606.ENSP00000244537,9606.ENSP00000372023,H4C6,CHEK2,9606,0.81,0.0,0.0,0.0,0.063,0.182,0.5,0.563
9606.ENSP00000244537,9606.ENSP00000378699,H4C6,CDK1,9606,0.82,0.0,0.0,0.0,0.056,0.333,0.4,0.581
9606.ENSP00000244537,9606.ENSP00000498653,H4C6,DEK,9606,0.842,0.0,0.0,0.0,0.075,0.635,0.5,0.176
9606.ENSP00000244537,9606.ENSP00000428426,H4C6,TCEA1,9606,0.849,0.0,0.0,0.0,0.047,0.829,0.0,0.146
9606.ENSP00000244537,9606.ENSP00000268712,H4C6,NCOR1,9606,0.895,0.0,0.0,0.0,0.054,0.51,0.5,0.601
9606.ENSP00000244537,9606.ENSP00000347602,H4C6,ARID4A,9606,0.896,0.0,0.0,0.0,0.0,0.64,0.4,0.56
9606.ENSP00000244537,9606.ENSP00000356405,H4C6,CDC73,9606,0.911,0.0,0.0,0.0,0.093,0.891,0.0,0.176
9606.ENSP00000244537,9606.ENSP00000388107,H4C6,UBA52,9606,0.935,0.0,0.0,0.0,0.0,0.86,0.5,0.154
9606.ENSP00000244537,9606.ENSP00000316578,H4C6,SUZ12,9606,0.964,0.0,0.0,0.0,0.047,0.9,0.5,0.336
9606.ENSP00000244537,9606.ENSP00000320147,H4C6,EZH2,9606,0.977,0.0,0.0,0.0,0.062,0.908,0.5,0.531
9606.ENSP00000244537,9606.ENSP00000260947,H4C6,BARD1,9606,0.981,0.0,0.0,0.0,0.044,0.93,0.5,0.519
9606.ENSP00000244537,9606.ENSP00000333277,H4C6,H3C13,9606,0.999,0.0,0.07,0.0,0.234,0.98,0.8,0.998
9606.ENSP00000246792,9606.ENSP00000256196,RRAS,RRAS2,9606,0.905,0.0,0.0,0.058,0.042,0.0,0.9,0.072
9606.ENSP00000246792,9606.ENSP00000262741,RRAS,PIK3R3,9606,0.915,0.0,0.0,0.0,0.0,0.054,0.9,0.179
9606.ENSP00000246792,9606.ENSP00000380942,RRAS,ARHGEF12,9606,0.934,0.0,0.0,0.0,0.042,0.134,0.9,0.299
9606.ENSP00000246792,9606.ENSP00000358464,RRAS,SHOC2,9606,0.964,0.0,0.0,0.0,0.042,0.171,0.9,0.604
9606.ENSP00000246868,9606.ENSP00000330349,SBDS,DDX41,9606,0.402,0.0,0.0,0.0,0.049,0.0,0.0,0.397
9606.ENSP00000246868,9606.ENSP00000398568,SBDS,PRF1,9606,0.422,0.0,0.0,0.0,0.0,0.0,0.0,0.423
9606.ENSP00000246868,9606.ENSP00000346001,SBDS,RPL3,9606,0.67,0.0,0.0,0.0,0.156,0.434,0.0,0.364
9606.ENSP00000246868,9606.ENSP00000388107,SBDS,UBA52,9606,0.934,0.0,0.0,0.0,0.202,0.896,0.0,0.271
9606.ENSP00000252818,9606.ENSP00000398698,JUND,TNF,9606,0.409,0.0,0.0,0.0,0.049,0.0,0.0,0.404
9606.ENSP00000252818,9606.ENSP00000448665,JUND,DDIT3,9606,0.514,0.0,0.0,0.0,0.056,0.331,0.0,0.292
9606.ENSP00000252818,9606.ENSP00000365858,JUND,GATA1,9606,0.618,0.0,0.0,0.0,0.0,0.118,0.0,0.585
9606.ENSP00000252818,9606.ENSP00000333277,JUND,H3C13,9606,0.642,0.0,0.0,0.0,0.0,0.0,0.5,0.315
9606.ENSP00000252818,9606.ENSP00000368632,JUND,GATA3,9606,0.652,0.0,0.0,0.0,0.0,0.118,0.0,0.621
9606.ENSP00000252818,9606.ENSP00000264110,JUND,ATF2,9606,0.895,0.0,0.0,0.0,0.06,0.863,0.0,0.254
9606.ENSP00000256196,9606.ENSP00000262741,RRAS2,PIK3R3,9606,0.707,0.0,0.0,0.0,0.0,0.054,0.65,0.186
9606.ENSP00000256196,9606.ENSP00000380942,RRAS2,ARHGEF12,9606,0.912,0.0,0.0,0.0,0.042,0.134,0.9,0.07
9606.ENSP00000256196,9606.ENSP00000358464,RRAS2,SHOC2,9606,0.949,0.0,0.0,0.0,0.056,0.171,0.9,0.428
9606.ENSP00000258149,9606.ENSP00000478927,MDM2,YAP1,9606,0.402,0.0,0.0,0.0,0.0,0.0,0.0,0.402
9606.ENSP00000258149,9606.ENSP00000411532,MDM2,TOP2A,9606,0.427,0.0,0.0,0.0,0.07,0.078,0.0,0.385
9606.ENSP00000258149,9606.ENSP00000262662,MDM2,CDKN2C,9606,0.467,0.0,0.0,0.0,0.058,0.071,0.0,0.44
9606.ENSP00000258149,9606.ENSP00000368632,MDM2,GATA3,9606,0.502,0.0,0.0,0.0,0.0,0.321,0.0,0.297
9606.ENSP00000258149,9606.ENSP00000287598,MDM2,BUB1B,9606,0.504,0.0,0.0,0.0,0.0,0.292,0.0,0.329
9606.ENSP00000258149,9606.ENSP00000346001,MDM2,RPL3,9606,0.517,0.0,0.0,0.0,0.0,0.0,0.0,0.517
9606.ENSP00000258149,9606.ENSP00000333277,MDM2,H3C13,9606,0.532,0.0,0.0,0.0,0.0,0.06,0.0,0.522
9606.ENSP00000258149,9606.ENSP00000298139,MDM2,WRN,9606,0.539,0.0,0.0,0.0,0.067,0.292,0.0,0.357
9606.ENSP00000258149,9606.ENSP00000457991,MDM2,PHLPP2,9606,0.548,0.0,0.0,0.0,0.0,0.0,0.0,0.548
9606.ENSP00000258149,9606.ENSP00000263464,MDM2,BIRC3,9606,0.579,0.0,0.0,0.0,0.077,0.055,0.0,0.556
9606.ENSP00000258149,9606.ENSP00000362608,MDM2,PIM1,9606,0.617,0.0,0.0,0.0,0.045,0.524,0.0,0.225
9606.ENSP00000258149,9606.ENSP00000398698,MDM2,TNF,9606,0.625,0.0,0.0,0.0,0.0,0.0,0.0,0.625
9606.ENSP00000258149,9606.ENSP00000269571,MDM2,ERBB2,9606,0.665,0.0,0.0,0.0,0.049,0.0,0.0,0.663
9606.ENSP00000258149,9606.ENSP00000324856,MDM2,STK11,9606,0.725,0.0,0.0,0.0,0.045,0.47,0.0,0.5
9606.ENSP00000258149,9606.ENSP00000316578,MDM2,SUZ12,9606,0.768,0.0,0.0,0.0,0.049,0.51,0.0,0.544
9606.ENSP00000258149,9606.ENSP00000260947,MDM2,BARD1,9606,0.821,0.0,0.0,0.0,0.058,0.071,0.0,0.812
9606.ENSP00000258149,9606.ENSP00000378699,MDM2,CDK1,9606,0.829,0.0,0.0,0.0,0.0,0.0,0.4,0.728
9606.ENSP00000258149,9606.ENSP00000356832,MDM2,SGK1,9606,0.833,0.0,0.0,0.0,0.0,0.096,0.75,0.322
9606.ENSP00000258149,9606.ENSP00000266970,MDM2,CDK2,9606,0.849,0.0,0.0,0.0,0.0,0.0,0.4,0.759
9606.ENSP00000258149,9606.ENSP00000302961,MDM2,HSPA4,9606,0.873,0.0,0.0,0.0,0.049,0.469,0.0,0.769
9606.ENSP00000258149,9606.ENSP00000364589,MDM2,CUL4A,9606,0.894,0.0,0.0,0.0,0.074,0.533,0.0,0.774
9606.ENSP00000258149,9606.ENSP00000268058,MDM2,PML,9606,0.934,0.0,0.0,0.0,0.049,0.837,0.4,0.375
9606.ENSP00000258149,9606.ENSP00000320147,MDM2,EZH2,9606,0.945,0.0,0.0,0.0,0.055,0.536,0.0,0.884
9606.ENSP00000258149,9606.ENSP00000388107,MDM2,UBA52,9606,0.967,0.0,0.0,0.0,0.0,0.926,0.5,0.202
9606.ENSP00000258149,9606.ENSP00000372023,MDM2,CHEK2,9606,0.983,0.0,0.0,0.0,0.049,0.625,0.75,0.837
9606.ENSP00000258149,9606.ENSP00000339527,MDM2,FOXO3,9606,0.995,0.0,0.0,0.0,0.049,0.742,0.0,0.982
9606.ENSP00000260947,9606.ENSP00000398698,BARD1,TNF,9606,0.446,0.0,0.0,0.0,0.0,0.0,0.0,0.446
9606.ENSP00000260947,9606.ENSP00000269571,BARD1,ERBB2,9606,0.457,0.0,0.0,0.0,0.0,0.045,0.0,0.455
9606.ENSP00000260947,9606.ENSP00000305480,BARD1,FEN1,9606,0.496,0.0,0.0,0.0,0.214,0.045,0.0,0.382
9606.ENSP00000260947,9606.ENSP00000411532,BARD1,TOP2A,9606,0.507,0.0,0.0,0.0,0.306,0.046,0.0,0.315
9606.ENSP00000260947,9606.ENSP00000310356,BARD1,RMI2,9606,0.62,0.0,0.0,0.0,0.155,0.0,0.5,0.174
9606.ENSP00000260947,9606.ENSP00000378699,BARD1,CDK1,9606,0.627,0.0,0.0,0.0,0.224,0.331,0.0,0.34
9606.ENSP00000260947,9606.ENSP00000324856,BARD1,STK11,9606,0.641,0.0,0.0,0.0,0.0,0.065,0.0,0.632
9606.ENSP00000260947,9606.ENSP00000266970,BARD1,CDK2,9606,0.76,0.0,0.0,0.0,0.1,0.331,0.5,0.298
9606.ENSP00000260947,9606.ENSP00000298139,BARD1,WRN,9606,0.825,0.0,0.0,0.0,0.075,0.292,0.5,0.53
9606.ENSP00000260947,9606.ENSP00000287598,BARD1,BUB1B,9606,0.838,0.0,0.0,0.0,0.212,0.115,0.72,0.269
9606.ENSP00000260947,9606.ENSP00000333277,BARD1,H3C13,9606,0.861,0.0,0.0,0.0,0.0,0.811,0.0,0.293
9606.ENSP00000260947,9606.ENSP00000372023,BARD1,CHEK2,9606,0.937,0.0,0.0,0.0,0.128,0.072,0.5,0.863
9606.ENSP00000260947,9606.ENSP00000388107,BARD1,UBA52,9606,0.953,0.0,0.0,0.0,0.0,0.903,0.5,0.121
9606.ENSP00000260947,9606.ENSP00000336701,BARD1,RAD51C,9606,0.967,0.0,0.0,0.0,0.126,0.045,0.5,0.93
9606.ENSP00000261438,9606.ENSP00000365858,KLF3,GATA1,9606,0.616,0.0,0.0,0.0,0.059,0.091,0.0,0.587
9606.ENSP00000262662,9606.ENSP00000269571,CDKN2C,ERBB2,9606,0.41,0.0,0.0,0.0,0.0,0.196,0.0,0.296
9606.ENSP00000262662,9606.ENSP00000356405,CDKN2C,CDC73,9606,0.441,0.0,0.0,0.0,0.042,0.091,0.0,0.409
9606.ENSP00000262662,9606.ENSP00000275015,CDKN2C,NFKBIE,9606,0.447,0.0,0.0,0.447,0.0,0.0,0.0,0.0
9606.ENSP00000262662,9606.ENSP00000320147,CDKN2C,EZH2,9606,0.47,0.0,0.0,0.0,0.065,0.229,0.0,0.324
9606.ENSP00000262662,9606.ENSP00000378699,CDKN2C,CDK1,9606,0.571,0.0,0.0,0.0,0.169,0.094,0.0,0.476
9606.ENSP00000262662,9606.ENSP00000266970,CDKN2C,CDK2,9606,0.669,0.0,0.0,0.0,0.104,0.094,0.0,0.624
9606.ENSP00000262741,9606.ENSP00000376197,PIK3R3,TFRC,9606,0.452,0.0,0.0,0.0,0.0,0.0,0.4,0.125
9606.ENSP00000262741,9606.ENSP00000339477,PIK3R3,ICOSLG,9606,0.499,0.0,0.0,0.0,0.0,0.0,0.5,0.0
9606.ENSP00000262741,9606.ENSP00000324890,PIK3R3,CD28,9606,0.906,0.0,0.0,0.0,0.0,0.0,0.9,0.108
9606.ENSP00000262741,9606.ENSP00000432511,PIK3R3,JAK3,9606,0.913,0.0,0.0,0.0,0.0,0.093,0.9,0.123
9606.ENSP00000262741,9606.ENSP00000262995,PIK3R3,GAB1,9606,0.924,0.0,0.0,0.0,0.067,0.199,0.9,0.113
9606.ENSP00000262741,9606.ENSP00000269571,PIK3R3,ERBB2,9606,0.975,0.0,0.0,0.0,0.044,0.44,0.9,0.593
9606.ENSP00000262965,9606.ENSP00000376786,TCF3,POU2AF1,9606,0.429,0.0,0.0,0.0,0.058,0.0,0.0,0.419
9606.ENSP00000262965,9606.ENSP00000376544,TCF3,CD79B,9606,0.461,0.0,0.0,0.0,0.111,0.0,0.0,0.419
9606.ENSP00000262965,9606.ENSP00000331040,TCF3,OLIG2,9606,0.634,0.0,0.0,0.0,0.0,0.356,0.0,0.455
9606.ENSP00000262965,9606.ENSP00000378578,TCF3,AFF1,9606,0.691,0.0,0.0,0.0,0.0,0.0,0.0,0.691
9606.ENSP00000262965,9606.ENSP00000368632,TCF3,GATA3,9606,0.885,0.0,0.0,0.0,0.048,0.0,0.5,0.779
9606.ENSP00000262965,9606.ENSP00000322898,TCF3,EBF1,9606,0.948,0.0,0.0,0.0,0.064,0.0,0.0,0.947
9606.ENSP00000262965,9606.ENSP00000363689,TCF3,ID3,9606,0.951,0.0,0.0,0.0,0.067,0.803,0.0,0.758
9606.ENSP00000262965,9606.ENSP00000405890,TCF3,PBX1,9606,0.963,0.0,0.0,0.0,0.068,0.07,0.0,0.961
9606.ENSP00000262965,9606.ENSP00000365858,TCF3,GATA1,9606,0.995,0.0,0.0,0.0,0.069,0.0,0.5,0.991
9606.ENSP00000262995,9606.ENSP00000321797,GAB1,FGF8,9606,0.495,0.0,0.0,0.0,0.0,0.0,0.4,0.194
9606.ENSP00000262995,9606.ENSP00000371790,GAB1,FGF9,9606,0.5,0.0,0.0,0.0,0.0,0.0,0.4,0.202
9606.ENSP00000262995,9606.ENSP00000269571,GAB1,ERBB2,9606,0.948,0.0,0.0,0.0,0.049,0.314,0.9,0.3
9606.ENSP00000263209,9606.ENSP00000298139,DGCR8,WRN,9606,0.464,0.0,0.0,0.0,0.074,0.0,0.0,0.445
9606.ENSP00000263209,9606.ENSP00000266970,DGCR8,CDK2,9606,0.594,0.0,0.0,0.0,0.0,0.0,0.0,0.594
9606.ENSP00000263464,9606.ENSP00000378699,BIRC3,CDK1,9606,0.407,0.0,0.0,0.0,0.208,0.069,0.0,0.261
9606.ENSP00000263464,9606.ENSP00000266970,BIRC3,CDK2,9606,0.436,0.0,0.0,0.0,0.208,0.069,0.0,0.296
9606.ENSP00000263464,9606.ENSP00000388107,BIRC3,UBA52,9606,0.516,0.0,0.0,0.0,0.0,0.0,0.5,0.072
9606.ENSP00000263464,9606.ENSP00000478927,BIRC3,YAP1,9606,0.539,0.0,0.0,0.0,0.0,0.098,0.0,0.51
9606.ENSP00000263464,9606.ENSP00000275015,BIRC3,NFKBIE,9606,0.604,0.0,0.0,0.0,0.27,0.071,0.0,0.462
9606.ENSP00000263464,9606.ENSP00000410481,BIRC3,LTB,9606,0.7,0.0,0.0,0.0,0.309,0.0,0.5,0.204
9606.ENSP00000263464,9606.ENSP00000398698,BIRC3,TNF,9606,0.964,0.0,0.0,0.0,0.161,0.51,0.5,0.849
9606.ENSP00000264110,9606.ENSP00000398698,ATF2,TNF,9606,0.402,0.0,0.0,0.0,0.083,0.0,0.0,0.375
9606.ENSP00000264110,9606.ENSP00000410402,ATF2,MAP2K4,9606,0.497,0.0,0.0,0.0,0.136,0.0,0.0,0.442
9606.ENSP00000264110,9606.ENSP00000368632,ATF2,GATA3,9606,0.596,0.0,0.0,0.0,0.0,0.071,0.5,0.2
9606.ENSP00000264110,9606.ENSP00000333277,ATF2,H3C13,9606,0.638,0.0,0.0,0.0,0.053,0.112,0.5,0.241
9606.ENSP00000264110,9606.ENSP00000316578,ATF2,SUZ12,9606,0.664,0.0,0.0,0.0,0.106,0.292,0.5,0.063
9606.ENSP00000264110,9606.ENSP00000320147,ATF2,EZH2,9606,0.69,0.0,0.0,0.0,0.064,0.313,0.5,0.148
9606.ENSP00000264110,9606.ENSP00000448665,ATF2,DDIT3,9606,0.776,0.0,0.0,0.0,0.079,0.402,0.5,0.284
9606.ENSP00000264233,9606.ENSP00000310356,POLQ,RMI2,9606,0.433,0.0,0.0,0.0,0.219,0.0,0.0,0.304
9606.ENSP00000264233,9606.ENSP00000378699,POLQ,CDK1,9606,0.466,0.0,0.0,0.0,0.355,0.0,0.0,0.205
9606.ENSP00000264233,9606.ENSP00000287598,POLQ,BUB1B,9606,0.508,0.0,0.0,0.0,0.502,0.0,0.0,0.053
9606.ENSP00000264233,9606.ENSP00000336701,POLQ,RAD51C,9606,0.523,0.054,0.0,0.0,0.184,0.109,0.0,0.388
9606.ENSP00000264233,9606.ENSP00000298139,POLQ,WRN,9606,0.526,0.045,0.0,0.0,0.13,0.0,0.0,0.475
9606.ENSP00000264233,9606.ENSP00000356379,POLQ,ASPM,9606,0.533,0.0,0.0,0.0,0.533,0.0,0.0,0.0
9606.ENSP00000264233,9606.ENSP00000411532,POLQ,TOP2A,9606,0.572,0.061,0.0,0.0,0.421,0.0,0.0,0.276
9606.ENSP00000264233,9606.ENSP00000306999,POLQ,ESCO2,9606,0.667,0.0,0.0,0.0,0.641,0.0,0.0,0.11
9606.ENSP00000264233,9606.ENSP00000360944,POLQ,STIL,9606,0.784,0.0,0.0,0.0,0.784,0.0,0.0,0.0
9606.ENSP00000264233,9606.ENSP00000305480,POLQ,FEN1,9606,0.825,0.059,0.0,0.0,0.25,0.0,0.5,0.564
9606.ENSP00000266269,9606.ENSP00000368632,PATZ1,GATA3,9606,0.538,0.0,0.0,0.0,0.047,0.091,0.0,0.51
9606.ENSP00000266269,9606.ENSP00000268712,PATZ1,NCOR1,9606,0.726,0.0,0.0,0.0,0.049,0.125,0.0,0.697
9606.ENSP00000266970,9606.ENSP00000354522,CDK2,TOP1,9606,0.401,0.0,0.0,0.0,0.064,0.075,0.0,0.363
9606.ENSP00000266970,9606.ENSP00000364589,CDK2,CUL4A,9606,0.403,0.0,0.0,0.0,0.049,0.0,0.0,0.398
9606.ENSP00000266970,9606.ENSP00000432511,CDK2,JAK3,9606,0.411,0.0,0.0,0.0,0.11,0.098,0.0,0.325
9606.ENSP00000266970,9606.ENSP00000356379,CDK2,ASPM,9606,0.422,0.0,0.0,0.0,0.244,0.0,0.0,0.267
9606.ENSP00000266970,9606.ENSP00000298139,CDK2,WRN,9606,0.424,0.0,0.0,0.0,0.098,0.131,0.0,0.324
9606.ENSP00000266970,9606.ENSP00000268058,CDK2,PML,9606,0.426,0.0,0.0,0.0,0.093,0.292,0.0,0.178
9606.ENSP00000266970,9606.ENSP00000363689,CDK2,ID3,9606,0.43,0.0,0.0,0.0,0.082,0.299,0.0,0.185
9606.ENSP00000266970,9606.ENSP00000302961,CDK2,HSPA4,9606,0.439,0.0,0.0,0.0,0.069,0.131,0.0,0.361
9606.ENSP00000266970,9606.ENSP00000398698,CDK2,TNF,9606,0.489,0.0,0.0,0.0,0.074,0.0,0.0,0.471
9606.ENSP00000266970,9606.ENSP00000368632,CDK2,GATA3,9606,0.518,0.0,0.001,0.0,0.09,0.354,0.0,0.247
9606.ENSP00000266970,9606.ENSP00000376197,CDK2,TFRC,9606,0.531,0.0,0.0,0.0,0.086,0.0,0.0,0.508
9606.ENSP00000266970,9606.ENSP00000372023,CDK2,CHEK2,9606,0.589,0.0,0.0,0.103,0.102,0.305,0.0,0.352
9606.ENSP00000266970,9606.ENSP00000333277,CDK2,H3C13,9606,0.638,0.0,0.0,0.0,0.097,0.071,0.0,0.603
9606.ENSP00000266970,9606.ENSP00000287598,CDK2,BUB1B,9606,0.653,0.0,0.0,0.0,0.268,0.126,0.0,0.501
9606.ENSP00000266970,9606.ENSP00000320147,CDK2,EZH2,9606,0.702,0.0,0.0,0.0,0.221,0.305,0.0,0.493
9606.ENSP00000266970,9606.ENSP00000305480,CDK2,FEN1,9606,0.734,0.0,0.0,0.0,0.383,0.339,0.0,0.399
9606.ENSP00000266970,9606.ENSP00000411532,CDK2,TOP2A,9606,0.801,0.0,0.0,0.0,0.483,0.053,0.0,0.627
9606.ENSP00000266970,9606.ENSP00000388107,CDK2,UBA52,9606,0.9,0.0,0.0,0.0,0.0,0.8,0.5,0.085
9606.ENSP00000266970,9606.ENSP00000378699,CDK2,CDK1,9606,0.994,0.0,0.0,0.056,0.349,0.47,0.4,0.977
9606.ENSP00000266970,9606.ENSP00000339527,CDK2,FOXO3,9606,0.999,0.0,0.0,0.0,0.0,0.117,0.9,0.994
9606.ENSP00000268053,9606.ENSP00000379616,CYP11A1,MYH11,9606,0.409,0.0,0.0,0.0,0.0,0.048,0.0,0.405
9606.ENSP00000268058,9606.ENSP00000378699,PML,CDK1,9606,0.401,0.0,0.0,0.0,0.086,0.292,0.0,0.149
9606.ENSP00000268058,9606.ENSP00000388107,PML,UBA52,9606,0.413,0.0,0.0,0.0,0.0,0.0,0.4,0.063
9606.ENSP00000268058,9606.ENSP00000405574,PML,TBL1XR1,9606,0.422,0.0,0.0,0.0,0.042,0.0,0.4,0.076
9606.ENSP00000268058,9606.ENSP00000372023,PML,CHEK2,9606,0.469,0.0,0.0,0.0,0.057,0.292,0.0,0.269
9606.ENSP00000268058,9606.ENSP00000375899,PML,SP140,9606,0.575,0.0,0.0,0.0,0.1,0.0,0.0,0.547
9606.ENSP00000268058,9606.ENSP00000316578,PML,SUZ12,9606,0.645,0.0,0.0,0.0,0.042,0.292,0.5,0.077
9606.ENSP00000268058,9606.ENSP00000320147,PML,EZH2,9606,0.741,0.0,0.0,0.0,0.205,0.305,0.5,0.174
9606.ENSP00000268058,9606.ENSP00000333277,PML,H3C13,9606,0.784,0.0,0.0,0.0,0.042,0.106,0.5,0.555
9606.ENSP00000268058,9606.ENSP00000268712,PML,NCOR1,9606,0.821,0.0,0.0,0.0,0.049,0.512,0.4,0.433
9606.ENSP00000268712,9606.ENSP00000269571,NCOR1,ERBB2,9606,0.4,0.0,0.0,0.0,0.0,0.0,0.0,0.4
9606.ENSP00000268712,9606.ENSP00000368632,NCOR1,GATA3,9606,0.413,0.0,0.0,0.0,0.057,0.065,0.0,0.388
9606.ENSP00000268712,9606.ENSP00000376276,NCOR1,SRSF2,9606,0.475,0.0,0.0,0.0,0.113,0.0,0.0,0.433
9606.ENSP00000268712,9606.ENSP00000347602,NCOR1,ARID4A,9606,0.539,0.0,0.0,0.0,0.082,0.071,0.0,0.503
9606.ENSP00000268712,9606.ENSP00000322898,NCOR1,EBF1,9606,0.594,0.0,0.0,0.0,0.0,0.0,0.5,0.222
9606.ENSP00000268712,9606.ENSP00000405890,NCOR1,PBX1,9606,0.626,0.0,0.0,0.0,0.049,0.0,0.5,0.277
9606.ENSP00000268712,9606.ENSP00000302961,NCOR1,HSPA4,9606,0.679,0.0,0.0,0.0,0.082,0.313,0.0,0.532
9606.ENSP00000268712,9606.ENSP00000388107,NCOR1,UBA52,9606,0.72,0.0,0.0,0.0,0.069,0.401,0.5,0.115
9606.ENSP00000268712,9606.ENSP00000358799,NCOR1,RBM15,9606,0.739,0.0,0.0,0.0,0.08,0.0,0.0,0.727
9606.ENSP00000268712,9606.ENSP00000316578,NCOR1,SUZ12,9606,0.75,0.0,0.0,0.0,0.06,0.0,0.5,0.511
9606.ENSP00000268712,9606.ENSP00000320147,NCOR1,EZH2,9606,0.812,0.0,0.0,0.0,0.055,0.213,0.5,0.555
9606.ENSP00000268712,9606.ENSP00000333277,NCOR1,H3C13,9606,0.852,0.0,0.0,0.0,0.067,0.067,0.5,0.7
9606.ENSP00000268712,9606.ENSP00000405574,NCOR1,TBL1XR1,9606,0.999,0.0,0.0,0.0,0.14,0.915,0.5,0.995
9606.ENSP00000269571,9606.ENSP00000372023,ERBB2,CHEK2,9606,0.423,0.0,0.0,0.0,0.049,0.225,0.0,0.281
9606.ENSP00000269571,9606.ENSP00000406229,ERBB2,FAT1,9606,0.443,0.0,0.0,0.0,0.085,0.0,0.0,0.417
9606.ENSP00000269571,9606.ENSP00000336701,ERBB2,RAD51C,9606,0.455,0.0,0.0,0.0,0.06,0.0,0.0,0.445
9606.ENSP00000269571,9606.ENSP00000324856,ERBB2,STK11,9606,0.463,0.0,0.0,0.0,0.049,0.184,0.0,0.364
9606.ENSP00000269571,9606.ENSP00000398568,ERBB2,PRF1,9606,0.475,0.0,0.0,0.0,0.049,0.0,0.0,0.471
9606.ENSP00000269571,9606.ENSP00000354522,ERBB2,TOP1,9606,0.487,0.0,0.0,0.0,0.0,0.18,0.0,0.4
9606.ENSP00000269571,9606.ENSP00000332353,ERBB2,PTCH1,9606,0.497,0.0,0.0,0.0,0.074,0.0,0.0,0.479
9606.ENSP00000269571,9606.ENSP00000388107,ERBB2,UBA52,9606,0.499,0.0,0.0,0.0,0.0,0.0,0.5,0.0
9606.ENSP00000269571,9606.ENSP00000333277,ERBB2,H3C13,9606,0.504,0.0,0.0,0.0,0.0,0.058,0.0,0.495
9606.ENSP00000269571,9606.ENSP00000378699,ERBB2,CDK1,9606,0.517,0.0,0.0,0.0,0.0,0.0,0.0,0.517
9606.ENSP00000269571,9606.ENSP00000478927,ERBB2,YAP1,9606,0.538,0.0,0.0,0.0,0.127,0.0,0.0,0.492
9606.ENSP00000269571,9606.ENSP00000339527,ERBB2,FOXO3,9606,0.545,0.0,0.0,0.0,0.0,0.0,0.0,0.545
9606.ENSP00000269571,9606.ENSP00000380942,ERBB2,ARHGEF12,9606,0.568,0.0,0.0,0.0,0.0,0.0,0.5,0.173
9606.ENSP00000269571,9606.ENSP00000320147,ERBB2,EZH2,9606,0.571,0.0,0.0,0.0,0.0,0.0,0.0,0.571
9606.ENSP00000269571,9606.ENSP00000411532,ERBB2,TOP2A,9606,0.621,0.0,0.0,0.0,0.0,0.0,0.0,0.621
9606.ENSP00000269571,9606.ENSP00000398698,ERBB2,TNF,9606,0.621,0.0,0.0,0.0,0.0,0.0,0.0,0.621
9606.ENSP00000269571,9606.ENSP00000381097,ERBB2,EPHB1,9606,0.659,0.0,0.0,0.0,0.0,0.617,0.0,0.148
9606.ENSP00000269571,9606.ENSP00000368632,ERBB2,GATA3,9606,0.662,0.0,0.0,0.0,0.055,0.0,0.0,0.658
9606.ENSP00000269571,9606.ENSP00000376197,ERBB2,TFRC,9606,0.663,0.0,0.0,0.0,0.067,0.329,0.0,0.505
9606.ENSP00000269571,9606.ENSP00000295408,ERBB2,MERTK,9606,0.679,0.0,0.0,0.0,0.0,0.617,0.0,0.196
9606.ENSP00000269571,9606.ENSP00000497102,ERBB2,CTLA4,9606,0.693,0.0,0.0,0.0,0.0,0.0,0.0,0.693
9606.ENSP00000269571,9606.ENSP00000324890,ERBB2,CD28,9606,0.73,0.0,0.0,0.0,0.055,0.0,0.0,0.726
9606.ENSP00000269571,9606.ENSP00000321797,ERBB2,FGF8,9606,0.807,0.0,0.0,0.0,0.0,0.0,0.65,0.472
9606.ENSP00000269571,9606.ENSP00000371790,ERBB2,FGF9,9606,0.829,0.0,0.0,0.0,0.062,0.0,0.65,0.522
9606.ENSP00000269571,9606.ENSP00000338934,ERBB2,EZR,9606,0.869,0.0,0.0,0.0,0.062,0.607,0.0,0.673
9606.ENSP00000269571,9606.ENSP00000432511,ERBB2,JAK3,9606,0.951,0.0,0.0,0.0,0.0,0.091,0.9,0.504
9606.ENSP00000269571,9606.ENSP00000302961,ERBB2,HSPA4,9606,0.951,0.0,0.0,0.0,0.0,0.625,0.0,0.877
9606.ENSP00000274063,9606.ENSP00000332353,SFRP2,PTCH1,9606,0.411,0.0,0.0,0.0,0.051,0.14,0.0,0.336
9606.ENSP00000275015,9606.ENSP00000410481,NFKBIE,LTB,9606,0.443,0.0,0.0,0.0,0.178,0.0,0.0,0.35
9606.ENSP00000275015,9606.ENSP00000388107,NFKBIE,UBA52,9606,0.523,0.0,0.0,0.0,0.042,0.074,0.5,0.052
9606.ENSP00000275015,9606.ENSP00000398698,NFKBIE,TNF,9606,0.737,0.0,0.0,0.0,0.328,0.0,0.0,0.625
9606.ENSP00000275364,9606.ENSP00000380942,GNA12,ARHGEF12,9606,0.999,0.0,0.0,0.0,0.054,0.555,0.9,0.996
9606.ENSP00000279146,9606.ENSP00000351255,AIP,STAT4,9606,0.75,0.0,0.0,0.0,0.042,0.0,0.75,0.0
9606.ENSP00000279873,9606.ENSP00000368632,ARID5B,GATA3,9606,0.505,0.0,0.0,0.0,0.076,0.068,0.0,0.471
9606.ENSP00000279873,9606.ENSP00000333277,ARID5B,H3C13,9606,0.535,0.0,0.0,0.0,0.0,0.136,0.4,0.175
9606.ENSP00000283928,9606.ENSP00000320147,JAZF1,EZH2,9606,0.507,0.0,0.0,0.0,0.0,0.0,0.0,0.507
9606.ENSP00000283928,9606.ENSP00000316578,JAZF1,SUZ12,9606,0.935,0.0,0.0,0.0,0.0,0.292,0.0,0.912
9606.ENSP00000287598,9606.ENSP00000388107,BUB1B,UBA52,9606,0.537,0.0,0.0,0.0,0.0,0.0,0.5,0.112
9606.ENSP00000287598,9606.ENSP00000320147,BUB1B,EZH2,9606,0.552,0.0,0.0,0.0,0.395,0.053,0.0,0.281
9606.ENSP00000287598,9606.ENSP00000372023,BUB1B,CHEK2,9606,0.604,0.0,0.0,0.0,0.212,0.0,0.0,0.518
9606.ENSP00000287598,9606.ENSP00000333277,BUB1B,H3C13,9606,0.616,0.0,0.0,0.0,0.112,0.111,0.0,0.552
9606.ENSP00000287598,9606.ENSP00000305480,BUB1B,FEN1,9606,0.622,0.0,0.0,0.0,0.445,0.094,0.0,0.308
9606.ENSP00000287598,9606.ENSP00000360944,BUB1B,STIL,9606,0.635,0.0,0.0,0.0,0.496,0.0,0.0,0.305
9606.ENSP00000287598,9606.ENSP00000306999,BUB1B,ESCO2,9606,0.706,0.0,0.0,0.0,0.587,0.096,0.0,0.275
9606.ENSP00000287598,9606.ENSP00000356379,BUB1B,ASPM,9606,0.974,0.0,0.0,0.0,0.928,0.111,0.0,0.628
9606.ENSP00000287598,9606.ENSP00000411532,BUB1B,TOP2A,9606,0.98,0.0,0.0,0.0,0.925,0.0,0.0,0.747
9606.ENSP00000287598,9606.ENSP00000378699,BUB1B,CDK1,9606,0.999,0.0,0.0,0.0,0.846,0.126,0.5,0.994
9606.ENSP00000292782,9606.ENSP00000388107,DCUN1D1,UBA52,9606,0.499,0.0,0.0,0.0,0.0,0.0,0.5,0.0
9606.ENSP00000292782,9606.ENSP00000364589,DCUN1D1,CUL4A,9606,0.957,0.0,0.0,0.0,0.055,0.825,0.5,0.542
9606.ENSP00000294129,9606.ENSP00000358799,NCKIPSD,RBM15,9606,0.425,0.0,0.0,0.0,0.049,0.421,0.0,0.0
9606.ENSP00000295408,9606.ENSP00000398698,MERTK,TNF,9606,0.503,0.0,0.0,0.0,0.055,0.075,0.0,0.478
9606.ENSP00000298139,9606.ENSP00000333277,WRN,H3C13,9606,0.442,0.0,0.0,0.0,0.062,0.053,0.0,0.422
9606.ENSP00000298139,9606.ENSP00000388107,WRN,UBA52,9606,0.499,0.0,0.0,0.0,0.0,0.0,0.5,0.0
9606.ENSP00000298139,9606.ENSP00000411532,WRN,TOP2A,9606,0.585,0.069,0.0,0.0,0.116,0.232,0.0,0.42
9606.ENSP00000298139,9606.ENSP00000378699,WRN,CDK1,9606,0.627,0.0,0.0,0.0,0.12,0.131,0.0,0.551
9606.ENSP00000298139,9606.ENSP00000372023,WRN,CHEK2,9606,0.824,0.0,0.0,0.0,0.102,0.451,0.0,0.671
9606.ENSP00000298139,9606.ENSP00000354522,WRN,TOP1,9606,0.849,0.0,0.0,0.0,0.047,0.443,0.0,0.738
9606.ENSP00000298139,9606.ENSP00000336701,WRN,RAD51C,9606,0.864,0.042,0.0,0.0,0.089,0.347,0.5,0.597
9606.ENSP00000298139,9606.ENSP00000310356,WRN,RMI2,9606,0.887,0.0,0.0,0.0,0.062,0.0,0.5,0.78
9606.ENSP00000298139,9606.ENSP00000305480,WRN,FEN1,9606,0.998,0.05,0.0,0.0,0.133,0.81,0.0,0.991
9606.ENSP00000302961,9606.ENSP00000339527,HSPA4,FOXO3,9606,0.402,0.0,0.0,0.0,0.06,0.0,0.0,0.39
9606.ENSP00000302961,9606.ENSP00000451506,HSPA4,TCL1A,9606,0.43,0.0,0.0,0.0,0.0,0.0,0.0,0.43
9606.ENSP00000302961,9606.ENSP00000378578,HSPA4,AFF1,9606,0.434,0.0,0.0,0.0,0.049,0.103,0.0,0.39
9606.ENSP00000302961,9606.ENSP00000338934,HSPA4,EZR,9606,0.452,0.0,0.0,0.0,0.099,0.184,0.0,0.314
9606.ENSP00000302961,9606.ENSP00000448665,HSPA4,DDIT3,9606,0.473,0.0,0.0,0.0,0.042,0.045,0.0,0.471
9606.ENSP00000302961,9606.ENSP00000307272,HSPA4,RPTOR,9606,0.497,0.0,0.0,0.0,0.074,0.314,0.0,0.271
9606.ENSP00000302961,9606.ENSP00000305480,HSPA4,FEN1,9606,0.509,0.041,0.0,0.0,0.139,0.0,0.0,0.453
9606.ENSP00000302961,9606.ENSP00000346001,HSPA4,RPL3,9606,0.539,0.0,0.0,0.0,0.271,0.159,0.0,0.308
9606.ENSP00000302961,9606.ENSP00000365858,HSPA4,GATA1,9606,0.549,0.0,0.0,0.0,0.0,0.299,0.0,0.383
9606.ENSP00000302961,9606.ENSP00000356832,HSPA4,SGK1,9606,0.59,0.0,0.0,0.0,0.06,0.314,0.0,0.414
9606.ENSP00000302961,9606.ENSP00000376197,HSPA4,TFRC,9606,0.611,0.0,0.0,0.0,0.101,0.045,0.0,0.583
9606.ENSP00000302961,9606.ENSP00000333277,HSPA4,H3C13,9606,0.706,0.0,0.0,0.0,0.074,0.069,0.0,0.686
9606.ENSP00000302961,9606.ENSP00000378699,HSPA4,CDK1,9606,0.739,0.0,0.0,0.0,0.122,0.335,0.0,0.589
9606.ENSP00000302961,9606.ENSP00000398698,HSPA4,TNF,9606,0.79,0.0,0.0,0.0,0.06,0.0,0.0,0.786
9606.ENSP00000302961,9606.ENSP00000364805,HSPA4,HSPA1L,9606,0.87,0.0,0.0,0.139,0.172,0.375,0.5,0.508
9606.ENSP00000305480,9606.ENSP00000333277,FEN1,H3C13,9606,0.421,0.0,0.0,0.0,0.087,0.076,0.0,0.369
9606.ENSP00000305480,9606.ENSP00000356379,FEN1,ASPM,9606,0.432,0.0,0.0,0.0,0.303,0.0,0.0,0.218
9606.ENSP00000305480,9606.ENSP00000306999,FEN1,ESCO2,9606,0.437,0.0,0.0,0.0,0.225,0.094,0.0,0.263
9606.ENSP00000305480,9606.ENSP00000320147,FEN1,EZH2,9606,0.443,0.0,0.0,0.0,0.301,0.0,0.0,0.236
9606.ENSP00000305480,9606.ENSP00000428426,FEN1,TCEA1,9606,0.575,0.0,0.0,0.0,0.067,0.053,0.0,0.558
9606.ENSP00000305480,9606.ENSP00000310356,FEN1,RMI2,9606,0.614,0.0,0.0,0.0,0.351,0.0,0.0,0.43
9606.ENSP00000305480,9606.ENSP00000372023,FEN1,CHEK2,9606,0.699,0.0,0.015,0.0,0.164,0.186,0.0,0.593
9606.ENSP00000305480,9606.ENSP00000354522,FEN1,TOP1,9606,0.764,0.0,0.0,0.0,0.185,0.247,0.0,0.646
9606.ENSP00000305480,9606.ENSP00000411532,FEN1,TOP2A,9606,0.785,0.058,0.0,0.0,0.456,0.198,0.0,0.538
9606.ENSP00000305480,9606.ENSP00000336701,FEN1,RAD51C,9606,0.823,0.057,0.0,0.0,0.298,0.483,0.0,0.545
9606.ENSP00000305480,9606.ENSP00000378699,FEN1,CDK1,9606,0.829,0.0,0.0,0.0,0.559,0.339,0.0,0.461
9606.ENSP00000306522,9606.ENSP00000478927,CAMTA1,YAP1,9606,0.54,0.0,0.0,0.0,0.0,0.0,0.0,0.54
9606.ENSP00000306999,9606.ENSP00000333277,ESCO2,H3C13,9606,0.456,0.0,0.0,0.0,0.103,0.063,0.0,0.405
9606.ENSP00000306999,9606.ENSP00000360944,ESCO2,STIL,9606,0.472,0.0,0.0,0.0,0.472,0.0,0.0,0.0
9606.ENSP00000306999,9606.ENSP00000356379,ESCO2,ASPM,9606,0.523,0.0,0.0,0.0,0.477,0.0,0.0,0.125
9606.ENSP00000306999,9606.ENSP00000411532,ESCO2,TOP2A,9606,0.692,0.0,0.0,0.0,0.528,0.073,0.0,0.351
9606.ENSP00000306999,9606.ENSP00000378699,ESCO2,CDK1,9606,0.753,0.0,0.0,0.0,0.629,0.144,0.0,0.283
9606.ENSP00000307199,9606.ENSP00000347409,AHSP,KEL,9606,0.462,0.0,0.0,0.0,0.273,0.0,0.0,0.29
9606.ENSP00000307199,9606.ENSP00000365858,AHSP,GATA1,9606,0.877,0.0,0.0,0.0,0.455,0.0,0.0,0.784
9606.ENSP00000307272,9606.ENSP00000358464,RPTOR,SHOC2,9606,0.405,0.0,0.0,0.0,0.049,0.325,0.0,0.148
9606.ENSP00000307272,9606.ENSP00000498653,RPTOR,DEK,9606,0.417,0.0,0.0,0.0,0.047,0.0,0.0,0.414
9606.ENSP00000307272,9606.ENSP00000441927,RPTOR,SESN3,9606,0.587,0.0,0.0,0.0,0.0,0.0,0.36,0.381
9606.ENSP00000307272,9606.ENSP00000339527,RPTOR,FOXO3,9606,0.634,0.0,0.0,0.0,0.067,0.0,0.0,0.623
9606.ENSP00000307272,9606.ENSP00000324856,RPTOR,STK11,9606,0.787,0.0,0.0,0.0,0.085,0.125,0.0,0.755
9606.ENSP00000307272,9606.ENSP00000356832,RPTOR,SGK1,9606,0.835,0.0,0.0,0.0,0.0,0.396,0.0,0.738
9606.ENSP00000310356,9606.ENSP00000378699,RMI2,CDK1,9606,0.461,0.0,0.0,0.0,0.324,0.0,0.0,0.235
9606.ENSP00000310356,9606.ENSP00000388107,RMI2,UBA52,9606,0.499,0.0,0.0,0.0,0.0,0.0,0.5,0.0
9606.ENSP00000310356,9606.ENSP00000411532,RMI2,TOP2A,9606,0.514,0.0,0.0,0.0,0.342,0.0,0.0,0.291
9606.ENSP00000310356,9606.ENSP00000336701,RMI2,RAD51C,9606,0.697,0.0,0.0,0.0,0.167,0.0,0.5,0.33
9606.ENSP00000316578,9606.ENSP00000498653,SUZ12,DEK,9606,0.498,0.0,0.0,0.0,0.261,0.0,0.0,0.348
9606.ENSP00000316578,9606.ENSP00000388107,SUZ12,UBA52,9606,0.511,0.0,0.0,0.0,0.049,0.507,0.0,0.0
9606.ENSP00000316578,9606.ENSP00000405574,SUZ12,TBL1XR1,9606,0.526,0.0,0.0,0.0,0.111,0.0,0.4,0.184
9606.ENSP00000316578,9606.ENSP00000405890,SUZ12,PBX1,9606,0.579,0.0,0.0,0.0,0.0,0.0,0.5,0.193
9606.ENSP00000316578,9606.ENSP00000365858,SUZ12,GATA1,9606,0.59,0.0,0.0,0.0,0.0,0.0,0.0,0.59
9606.ENSP00000316578,9606.ENSP00000333277,SUZ12,H3C13,9606,0.99,0.0,0.0,0.0,0.054,0.849,0.5,0.887
9606.ENSP00000316578,9606.ENSP00000320147,SUZ12,EZH2,9606,0.999,0.0,0.0,0.0,0.114,0.999,0.9,0.999
9606.ENSP00000320147,9606.ENSP00000356379,EZH2,ASPM,9606,0.438,0.0,0.0,0.0,0.353,0.0,0.0,0.167
9606.ENSP00000320147,9606.ENSP00000378578,EZH2,AFF1,9606,0.439,0.0,0.0,0.0,0.058,0.125,0.0,0.375
9606.ENSP00000320147,9606.ENSP00000497102,EZH2,CTLA4,9606,0.442,0.0,0.0,0.0,0.056,0.0,0.0,0.434
9606.ENSP00000320147,9606.ENSP00000478927,EZH2,YAP1,9606,0.446,0.0,0.0,0.0,0.0,0.051,0.0,0.44
9606.ENSP00000320147,9606.ENSP00000372023,EZH2,CHEK2,9606,0.45,0.0,0.0,0.0,0.111,0.093,0.0,0.372
9606.ENSP00000320147,9606.ENSP00000339527,EZH2,FOXO3,9606,0.45,0.0,0.0,0.0,0.052,0.069,0.0,0.427
9606.ENSP00000320147,9606.ENSP00000376544,EZH2,CD79B,9606,0.478,0.0,0.0,0.0,0.054,0.0,0.0,0.471
9606.ENSP00000320147,9606.ENSP00000398698,EZH2,TNF,9606,0.489,0.0,0.0,0.0,0.087,0.071,0.0,0.446
9606.ENSP00000320147,9606.ENSP00000324856,EZH2,STK11,9606,0.491,0.0,0.0,0.0,0.125,0.046,0.0,0.44
9606.ENSP00000320147,9606.ENSP00000365858,EZH2,GATA1,9606,0.507,0.0,0.0,0.0,0.08,0.086,0.0,0.461
9606.ENSP00000320147,9606.ENSP00000388107,EZH2,UBA52,9606,0.531,0.0,0.0,0.0,0.0,0.507,0.0,0.088
9606.ENSP00000320147,9606.ENSP00000432511,EZH2,JAK3,9606,0.548,0.0,0.0,0.0,0.0,0.077,0.0,0.531
9606.ENSP00000320147,9606.ENSP00000411532,EZH2,TOP2A,9606,0.626,0.0,0.0,0.0,0.428,0.0,0.0,0.373
9606.ENSP00000320147,9606.ENSP00000405574,EZH2,TBL1XR1,9606,0.626,0.0,0.0,0.0,0.057,0.162,0.4,0.305
9606.ENSP00000320147,9606.ENSP00000405890,EZH2,PBX1,9606,0.64,0.0,0.0,0.0,0.0,0.0,0.5,0.31
9606.ENSP00000320147,9606.ENSP00000368632,EZH2,GATA3,9606,0.672,0.0,0.0,0.0,0.062,0.086,0.0,0.648
9606.ENSP00000320147,9606.ENSP00000376276,EZH2,SRSF2,9606,0.738,0.0,0.0,0.0,0.085,0.0,0.0,0.725
9606.ENSP00000320147,9606.ENSP00000378699,EZH2,CDK1,9606,0.965,0.0,0.0,0.0,0.371,0.823,0.0,0.716
9606.ENSP00000320147,9606.ENSP00000333277,EZH2,H3C13,9606,0.998,0.0,0.0,0.0,0.058,0.923,0.5,0.963
9606.ENSP00000321797,9606.ENSP00000355812,FGF8,FGFR1OP,9606,0.4,0.0,0.0,0.0,0.0,0.0,0.4,0.0
9606.ENSP00000321797,9606.ENSP00000364589,FGF8,CUL4A,9606,0.4,0.0,0.0,0.0,0.0,0.0,0.0,0.401
9606.ENSP00000321797,9606.ENSP00000333277,FGF8,H3C13,9606,0.403,0.0,0.0,0.0,0.0,0.068,0.0,0.386
9606.ENSP00000321797,9606.ENSP00000331040,FGF8,OLIG2,9606,0.478,0.0,0.0,0.0,0.058,0.045,0.0,0.466
9606.ENSP00000321797,9606.ENSP00000388107,FGF8,UBA52,9606,0.517,0.0,0.0,0.0,0.074,0.0,0.5,0.0
9606.ENSP00000321797,9606.ENSP00000332353,FGF8,PTCH1,9606,0.554,0.0,0.0,0.0,0.042,0.059,0.0,0.545
9606.ENSP00000321797,9606.ENSP00000371790,FGF8,FGF9,9606,0.559,0.0,0.0,0.0,0.082,0.0,0.4,0.263
9606.ENSP00000321797,9606.ENSP00000398698,FGF8,TNF,9606,0.653,0.0,0.0,0.0,0.0,0.0,0.0,0.653
9606.ENSP00000321797,9606.ENSP00000352798,FGF8,COL18A1,9606,0.678,0.0,0.0,0.0,0.0,0.0,0.0,0.678
9606.ENSP00000322898,9606.ENSP00000405890,EBF1,PBX1,9606,0.491,0.0,0.0,0.0,0.056,0.0,0.0,0.483
9606.ENSP00000322898,9606.ENSP00000365858,EBF1,GATA1,9606,0.499,0.0,0.0,0.0,0.0,0.045,0.0,0.497
9606.ENSP00000322898,9606.ENSP00000368632,EBF1,GATA3,9606,0.502,0.0,0.0,0.0,0.0,0.045,0.0,0.5
9606.ENSP00000322898,9606.ENSP00000378578,EBF1,AFF1,9606,0.548,0.0,0.0,0.0,0.0,0.067,0.0,0.536
9606.ENSP00000322898,9606.ENSP00000376544,EBF1,CD79B,9606,0.575,0.0,0.0,0.0,0.133,0.0,0.0,0.53
9606.ENSP00000322898,9606.ENSP00000376786,EBF1,POU2AF1,9606,0.714,0.0,0.0,0.0,0.117,0.0,0.0,0.69
9606.ENSP00000324856,9606.ENSP00000497102,STK11,CTLA4,9606,0.406,0.0,0.0,0.0,0.06,0.0,0.0,0.394
9606.ENSP00000324856,9606.ENSP00000398698,STK11,TNF,9606,0.424,0.0,0.0,0.0,0.086,0.0,0.0,0.396
9606.ENSP00000324856,9606.ENSP00000336701,STK11,RAD51C,9606,0.671,0.0,0.0,0.0,0.075,0.067,0.0,0.65
9606.ENSP00000324856,9606.ENSP00000339527,STK11,FOXO3,9606,0.96,0.0,0.0,0.0,0.08,0.071,0.9,0.588
9606.ENSP00000324890,9606.ENSP00000432511,CD28,JAK3,9606,0.477,0.0,0.0,0.0,0.138,0.0,0.0,0.418
9606.ENSP00000324890,9606.ENSP00000399168,CD28,HLA-B,9606,0.489,0.0,0.0,0.0,0.061,0.0,0.0,0.479
9606.ENSP00000324890,9606.ENSP00000376197,CD28,TFRC,9606,0.508,0.0,0.0,0.0,0.048,0.0,0.0,0.505
9606.ENSP00000324890,9606.ENSP00000338010,CD28,IL21R,9606,0.599,0.0,0.0,0.0,0.213,0.0,0.0,0.512
9606.ENSP00000324890,9606.ENSP00000351255,CD28,STAT4,9606,0.623,0.0,0.0,0.0,0.159,0.0,0.0,0.571
9606.ENSP00000324890,9606.ENSP00000368632,CD28,GATA3,9606,0.63,0.0,0.0,0.0,0.092,0.0,0.0,0.61
9606.ENSP00000324890,9606.ENSP00000360181,CD28,SH2D1A,9606,0.661,0.0,0.0,0.0,0.441,0.0,0.0,0.419
9606.ENSP00000324890,9606.ENSP00000398568,CD28,PRF1,9606,0.791,0.0,0.0,0.0,0.125,0.0,0.0,0.772
9606.ENSP00000324890,9606.ENSP00000398698,CD28,TNF,9606,0.875,0.0,0.0,0.0,0.083,0.0,0.0,0.869
9606.ENSP00000324890,9606.ENSP00000358501,CD28,CD58,9606,0.967,0.0,0.0,0.0,0.0,0.0,0.0,0.967
9606.ENSP00000324890,9606.ENSP00000497102,CD28,CTLA4,9606,0.991,0.0,0.0,0.11,0.325,0.0,0.0,0.987
9606.ENSP00000324890,9606.ENSP00000339477,CD28,ICOSLG,9606,0.997,0.0,0.0,0.0,0.056,0.0,0.0,0.997
9606.ENSP00000330349,9606.ENSP00000388107,DDX41,UBA52,9606,0.424,0.0,0.0,0.0,0.074,0.0,0.4,0.048
9606.ENSP00000330349,9606.ENSP00000376276,DDX41,SRSF2,9606,0.608,0.0,0.0,0.0,0.097,0.292,0.0,0.437
9606.ENSP00000331040,9606.ENSP00000371790,OLIG2,FGF9,9606,0.408,0.0,0.0,0.0,0.083,0.045,0.0,0.378
9606.ENSP00000331040,9606.ENSP00000333277,OLIG2,H3C13,9606,0.415,0.0,0.0,0.0,0.0,0.0,0.0,0.415
9606.ENSP00000331040,9606.ENSP00000332353,OLIG2,PTCH1,9606,0.486,0.0,0.0,0.0,0.043,0.0,0.0,0.485
9606.ENSP00000331040,9606.ENSP00000339527,OLIG2,FOXO3,9606,0.49,0.0,0.0,0.0,0.0,0.0,0.0,0.49
9606.ENSP00000332353,9606.ENSP00000398698,PTCH1,TNF,9606,0.453,0.0,0.0,0.0,0.0,0.0,0.0,0.453
9606.ENSP00000332353,9606.ENSP00000336747,PTCH1,HIP1,9606,0.484,0.0,0.0,0.0,0.049,0.0,0.0,0.48
9606.ENSP00000332353,9606.ENSP00000371790,PTCH1,FGF9,9606,0.489,0.0,0.0,0.0,0.084,0.071,0.0,0.448
9606.ENSP00000332353,9606.ENSP00000388107,PTCH1,UBA52,9606,0.499,0.0,0.0,0.0,0.0,0.0,0.5,0.0
9606.ENSP00000332353,9606.ENSP00000378699,PTCH1,CDK1,9606,0.508,0.0,0.0,0.0,0.0,0.0,0.0,0.508
9606.ENSP00000332353,9606.ENSP00000478927,PTCH1,YAP1,9606,0.643,0.0,0.0,0.0,0.049,0.468,0.0,0.35
9606.ENSP00000333277,9606.ENSP00000478927,H3C13,YAP1,9606,0.42,0.0,0.0,0.0,0.049,0.061,0.0,0.403
9606.ENSP00000333277,9606.ENSP00000364589,H3C13,CUL4A,9606,0.436,0.0,0.0,0.0,0.049,0.0,0.0,0.432
9606.ENSP00000333277,9606.ENSP00000354522,H3C13,TOP1,9606,0.44,0.0,0.0,0.0,0.094,0.076,0.0,0.385
9606.ENSP00000333277,9606.ENSP00000378578,H3C13,AFF1,9606,0.476,0.0,0.0,0.0,0.0,0.126,0.0,0.425
9606.ENSP00000333277,9606.ENSP00000411532,H3C13,TOP2A,9606,0.479,0.0,0.0,0.0,0.093,0.092,0.0,0.418
9606.ENSP00000333277,9606.ENSP00000432511,H3C13,JAK3,9606,0.528,0.0,0.0,0.0,0.0,0.095,0.0,0.5
9606.ENSP00000333277,9606.ENSP00000339527,H3C13,FOXO3,9606,0.549,0.0,0.0,0.0,0.056,0.135,0.0,0.493
9606.ENSP00000333277,9606.ENSP00000405574,H3C13,TBL1XR1,9606,0.602,0.0,0.0,0.0,0.054,0.091,0.4,0.321
9606.ENSP00000333277,9606.ENSP00000498653,H3C13,DEK,9606,0.637,0.0,0.0,0.0,0.1,0.067,0.5,0.237
9606.ENSP00000333277,9606.ENSP00000372023,H3C13,CHEK2,9606,0.658,0.0,0.0,0.0,0.053,0.159,0.0,0.605
9606.ENSP00000333277,9606.ENSP00000365858,H3C13,GATA1,9606,0.673,0.0,0.0,0.0,0.0,0.094,0.0,0.654
9606.ENSP00000333277,9606.ENSP00000398698,H3C13,TNF,9606,0.711,0.0,0.0,0.0,0.074,0.0,0.0,0.701
9606.ENSP00000333277,9606.ENSP00000368632,H3C13,GATA3,9606,0.727,0.0,0.0,0.0,0.0,0.094,0.5,0.447
9606.ENSP00000333277,9606.ENSP00000347602,H3C13,ARID4A,9606,0.748,0.0,0.0,0.0,0.058,0.476,0.4,0.252
9606.ENSP00000333277,9606.ENSP00000378699,H3C13,CDK1,9606,0.812,0.0,0.0,0.0,0.086,0.077,0.4,0.673
9606.ENSP00000333277,9606.ENSP00000428426,H3C13,TCEA1,9606,0.889,0.0,0.0,0.0,0.074,0.827,0.0,0.364
9606.ENSP00000333277,9606.ENSP00000356405,H3C13,CDC73,9606,0.901,0.0,0.0,0.0,0.076,0.842,0.0,0.377
9606.ENSP00000333277,9606.ENSP00000388107,H3C13,UBA52,9606,0.943,0.0,0.0,0.0,0.098,0.933,0.0,0.137
9606.ENSP00000336701,9606.ENSP00000411532,RAD51C,TOP2A,9606,0.4,0.0,0.0,0.0,0.162,0.066,0.0,0.295
9606.ENSP00000336701,9606.ENSP00000388107,RAD51C,UBA52,9606,0.4,0.0,0.0,0.0,0.0,0.0,0.4,0.0
9606.ENSP00000336701,9606.ENSP00000372023,RAD51C,CHEK2,9606,0.887,0.0,0.0,0.0,0.196,0.258,0.0,0.826
9606.ENSP00000336747,9606.ENSP00000369897,HIP1,CARS1,9606,0.499,0.0,0.0,0.0,0.0,0.0,0.5,0.0
9606.ENSP00000336752,9606.ENSP00000356405,FIP1L1,CDC73,9606,0.436,0.0,0.0,0.0,0.146,0.292,0.0,0.143
9606.ENSP00000336752,9606.ENSP00000405574,FIP1L1,TBL1XR1,9606,0.505,0.0,0.0,0.0,0.056,0.19,0.0,0.405
9606.ENSP00000338010,9606.ENSP00000376544,IL21R,CD79B,9606,0.406,0.0,0.0,0.0,0.184,0.0,0.0,0.301
9606.ENSP00000338010,9606.ENSP00000376786,IL21R,POU2AF1,9606,0.45,0.0,0.0,0.0,0.241,0.0,0.0,0.304
9606.ENSP00000338010,9606.ENSP00000398698,IL21R,TNF,9606,0.459,0.0,0.0,0.0,0.085,0.0,0.0,0.433
9606.ENSP00000338010,9606.ENSP00000398568,IL21R,PRF1,9606,0.473,0.0,0.0,0.0,0.162,0.0,0.0,0.397
9606.ENSP00000338010,9606.ENSP00000368632,IL21R,GATA3,9606,0.474,0.0,0.0,0.0,0.1,0.0,0.0,0.439
9606.ENSP00000338010,9606.ENSP00000360181,IL21R,SH2D1A,9606,0.487,0.0,0.0,0.0,0.192,0.0,0.0,0.391
9606.ENSP00000338010,9606.ENSP00000339477,IL21R,ICOSLG,9606,0.595,0.0,0.0,0.222,0.068,0.0,0.0,0.487
9606.ENSP00000338010,9606.ENSP00000497102,IL21R,CTLA4,9606,0.697,0.0,0.0,0.0,0.238,0.0,0.0,0.618
9606.ENSP00000338010,9606.ENSP00000351255,IL21R,STAT4,9606,0.745,0.0,0.0,0.0,0.136,0.0,0.5,0.458
9606.ENSP00000338010,9606.ENSP00000432511,IL21R,JAK3,9606,0.945,0.0,0.0,0.0,0.2,0.0,0.8,0.686
9606.ENSP00000338934,9606.ENSP00000398568,EZR,PRF1,9606,0.453,0.0,0.0,0.0,0.058,0.057,0.0,0.434
9606.ENSP00000339477,9606.ENSP00000368632,ICOSLG,GATA3,9606,0.435,0.0,0.0,0.0,0.089,0.053,0.0,0.398
9606.ENSP00000339477,9606.ENSP00000398698,ICOSLG,TNF,9606,0.506,0.0,0.0,0.0,0.073,0.0,0.0,0.488
9606.ENSP00000339477,9606.ENSP00000358501,ICOSLG,CD58,9606,0.514,0.0,0.0,0.241,0.055,0.0,0.0,0.376
9606.ENSP00000339477,9606.ENSP00000497102,ICOSLG,CTLA4,9606,0.992,0.0,0.0,0.0,0.08,0.0,0.0,0.992
9606.ENSP00000339527,9606.ENSP00000365858,FOXO3,GATA1,9606,0.408,0.0,0.0,0.0,0.072,0.08,0.0,0.363
9606.ENSP00000339527,9606.ENSP00000441927,FOXO3,SESN3,9606,0.482,0.0,0.0,0.0,0.102,0.0,0.0,0.446
9606.ENSP00000339527,9606.ENSP00000368632,FOXO3,GATA3,9606,0.578,0.0,0.0,0.0,0.078,0.08,0.0,0.542
9606.ENSP00000339527,9606.ENSP00000398698,FOXO3,TNF,9606,0.59,0.0,0.0,0.0,0.051,0.0,0.0,0.585
9606.ENSP00000339527,9606.ENSP00000372023,FOXO3,CHEK2,9606,0.625,0.0,0.0,0.0,0.0,0.052,0.0,0.62
9606.ENSP00000339527,9606.ENSP00000362608,FOXO3,PIM1,9606,0.635,0.0,0.0,0.0,0.128,0.314,0.4,0.105
9606.ENSP00000339527,9606.ENSP00000405890,FOXO3,PBX1,9606,0.697,0.0,0.0,0.0,0.128,0.05,0.0,0.664
9606.ENSP00000339527,9606.ENSP00000378699,FOXO3,CDK1,9606,0.89,0.0,0.0,0.0,0.0,0.117,0.0,0.881
9606.ENSP00000339527,9606.ENSP00000356832,FOXO3,SGK1,9606,0.979,0.0,0.0,0.0,0.048,0.125,0.9,0.781
9606.ENSP00000346001,9606.ENSP00000411532,RPL3,TOP2A,9606,0.44,0.0,0.0,0.0,0.102,0.187,0.0,0.295
9606.ENSP00000346001,9606.ENSP00000448665,RPL3,DDIT3,9606,0.506,0.0,0.0,0.0,0.054,0.0,0.5,0.0
9606.ENSP00000346001,9606.ENSP00000364805,RPL3,HSPA1L,9606,0.531,0.0,0.0,0.0,0.193,0.397,0.0,0.115
9606.ENSP00000346001,9606.ENSP00000388107,RPL3,UBA52,9606,0.996,0.0,0.0,0.0,0.667,0.975,0.0,0.566
9606.ENSP00000347409,9606.ENSP00000365858,KEL,GATA1,9606,0.75,0.0,0.0,0.0,0.656,0.0,0.0,0.304
9606.ENSP00000351255,9606.ENSP00000375899,STAT4,SP140,9606,0.413,0.0,0.0,0.0,0.139,0.0,0.0,0.346
9606.ENSP00000351255,9606.ENSP00000398568,STAT4,PRF1,9606,0.584,0.0,0.0,0.0,0.28,0.0,0.0,0.447
9606.ENSP00000351255,9606.ENSP00000497102,STAT4,CTLA4,9606,0.632,0.0,0.0,0.0,0.158,0.0,0.0,0.581
9606.ENSP00000351255,9606.ENSP00000398698,STAT4,TNF,9606,0.734,0.0,0.0,0.0,0.113,0.0,0.0,0.713
9606.ENSP00000351255,9606.ENSP00000494373,STAT4,MTAP,9606,0.758,0.0,0.0,0.0,0.0,0.0,0.75,0.074
9606.ENSP00000351255,9606.ENSP00000368632,STAT4,GATA3,9606,0.809,0.0,0.0,0.0,0.089,0.0,0.0,0.799
9606.ENSP00000351255,9606.ENSP00000432511,STAT4,JAK3,9606,0.973,0.0,0.0,0.0,0.13,0.285,0.9,0.629
9606.ENSP00000352798,9606.ENSP00000398698,COL18A1,TNF,9606,0.443,0.0,0.0,0.0,0.0,0.0,0.0,0.443
9606.ENSP00000352798,9606.ENSP00000371790,COL18A1,FGF9,9606,0.678,0.0,0.0,0.0,0.0,0.0,0.0,0.678
9606.ENSP00000354522,9606.ENSP00000372023,TOP1,CHEK2,9606,0.568,0.0,0.0,0.0,0.05,0.0,0.0,0.564
9606.ENSP00000354522,9606.ENSP00000498653,TOP1,DEK,9606,0.617,0.0,0.0,0.0,0.137,0.086,0.0,0.553
9606.ENSP00000354522,9606.ENSP00000491215,TOP1,HNRNPU,9606,0.743,0.0,0.0,0.0,0.206,0.415,0.0,0.49
9606.ENSP00000354522,9606.ENSP00000411532,TOP1,TOP2A,9606,0.994,0.0,0.0,0.0,0.111,0.857,0.0,0.96
9606.ENSP00000355812,9606.ENSP00000371790,FGFR1OP,FGF9,9606,0.407,0.0,0.0,0.0,0.0,0.0,0.4,0.053
9606.ENSP00000356379,9606.ENSP00000378699,ASPM,CDK1,9606,0.942,0.0,0.0,0.0,0.827,0.0,0.0,0.682
9606.ENSP00000356379,9606.ENSP00000360944,ASPM,STIL,9606,0.972,0.0,0.0,0.0,0.477,0.164,0.0,0.942
9606.ENSP00000356379,9606.ENSP00000411532,ASPM,TOP2A,9606,0.996,0.0,0.0,0.0,0.983,0.0,0.0,0.804
9606.ENSP00000356405,9606.ENSP00000388107,CDC73,UBA52,9606,0.63,0.0,0.0,0.0,0.0,0.292,0.5,0.0
9606.ENSP00000356405,9606.ENSP00000364589,CDC73,CUL4A,9606,0.831,0.0,0.0,0.0,0.126,0.8,0.0,0.11
9606.ENSP00000356405,9606.ENSP00000378578,CDC73,AFF1,9606,0.92,0.0,0.0,0.0,0.067,0.09,0.9,0.176
9606.ENSP00000356405,9606.ENSP00000428426,CDC73,TCEA1,9606,0.96,0.0,0.0,0.0,0.162,0.893,0.0,0.589
9606.ENSP00000356832,9606.ENSP00000388107,SGK1,UBA52,9606,0.401,0.0,0.0,0.0,0.043,0.0,0.4,0.0
9606.ENSP00000357305,9606.ENSP00000358464,RIT1,SHOC2,9606,0.456,0.0,0.0,0.0,0.072,0.209,0.0,0.318
9606.ENSP00000358501,9606.ENSP00000398568,CD58,PRF1,9606,0.408,0.0,0.0,0.0,0.083,0.047,0.0,0.377
9606.ENSP00000358501,9606.ENSP00000376544,CD58,CD79B,9606,0.439,0.0,0.0,0.0,0.077,0.0,0.0,0.418
9606.ENSP00000358501,9606.ENSP00000398698,CD58,TNF,9606,0.519,0.0,0.0,0.0,0.123,0.0,0.0,0.474
9606.ENSP00000358501,9606.ENSP00000497102,CD58,CTLA4,9606,0.736,0.0,0.0,0.0,0.0,0.0,0.0,0.736
9606.ENSP00000358799,9606.ENSP00000491215,RBM15,HNRNPU,9606,0.448,0.0,0.0,0.0,0.067,0.0,0.0,0.433
9606.ENSP00000358799,9606.ENSP00000365858,RBM15,GATA1,9606,0.539,0.0,0.0,0.0,0.0,0.0,0.0,0.539
9606.ENSP00000360181,9606.ENSP00000497102,SH2D1A,CTLA4,9606,0.521,0.0,0.0,0.0,0.286,0.0,0.0,0.356
9606.ENSP00000360181,9606.ENSP00000398568,SH2D1A,PRF1,9606,0.652,0.0,0.0,0.0,0.3,0.0,0.0,0.524
9606.ENSP00000360944,9606.ENSP00000371790,STIL,FGF9,9606,0.457,0.0,0.0,0.0,0.0,0.399,0.0,0.135
9606.ENSP00000360944,9606.ENSP00000365858,STIL,GATA1,9606,0.475,0.0,0.0,0.0,0.049,0.0,0.0,0.47
9606.ENSP00000360944,9606.ENSP00000411532,STIL,TOP2A,9606,0.476,0.0,0.0,0.0,0.4,0.0,0.0,0.162
9606.ENSP00000360944,9606.ENSP00000378699,STIL,CDK1,9606,0.756,0.0,0.0,0.0,0.469,0.0,0.0,0.558
9606.ENSP00000363689,9606.ENSP00000368632,ID3,GATA3,9606,0.411,0.0,0.0,0.0,0.055,0.0,0.0,0.403
9606.ENSP00000363689,9606.ENSP00000376197,ID3,TFRC,9606,0.465,0.0,0.0,0.0,0.0,0.0,0.0,0.466
9606.ENSP00000364589,9606.ENSP00000428426,CUL4A,TCEA1,9606,0.485,0.0,0.0,0.0,0.109,0.0,0.0,0.446
9606.ENSP00000364589,9606.ENSP00000372023,CUL4A,CHEK2,9606,0.488,0.0,0.0,0.0,0.042,0.292,0.0,0.306
9606.ENSP00000364589,9606.ENSP00000388107,CUL4A,UBA52,9606,0.509,0.0,0.0,0.0,0.06,0.0,0.5,0.0
9606.ENSP00000364805,9606.ENSP00000378699,HSPA1L,CDK1,9606,0.437,0.0,0.0,0.0,0.055,0.112,0.0,0.383
9606.ENSP00000364805,9606.ENSP00000398698,HSPA1L,TNF,9606,0.508,0.0,0.0,0.0,0.066,0.0,0.0,0.495
9606.ENSP00000364805,9606.ENSP00000399168,HSPA1L,HLA-B,9606,0.585,0.0,0.0,0.0,0.047,0.0,0.0,0.583
9606.ENSP00000365858,9606.ENSP00000432511,GATA1,JAK3,9606,0.412,0.0,0.0,0.0,0.117,0.093,0.0,0.324
9606.ENSP00000365858,9606.ENSP00000405890,GATA1,PBX1,9606,0.46,0.0,0.0,0.0,0.08,0.068,0.0,0.42
9606.ENSP00000365858,9606.ENSP00000376197,GATA1,TFRC,9606,0.6,0.0,0.0,0.0,0.066,0.0,0.0,0.588
9606.ENSP00000365858,9606.ENSP00000368632,GATA1,GATA3,9606,0.795,0.0,0.0,0.078,0.086,0.0,0.5,0.571
9606.ENSP00000368632,9606.ENSP00000410402,GATA3,MAP2K4,9606,0.41,0.0,0.0,0.0,0.086,0.0,0.0,0.381
9606.ENSP00000368632,9606.ENSP00000432511,GATA3,JAK3,9606,0.483,0.0,0.0,0.0,0.056,0.093,0.0,0.444
9606.ENSP00000368632,9606.ENSP00000398568,GATA3,PRF1,9606,0.586,0.0,0.0,0.0,0.106,0.058,0.0,0.547
9606.ENSP00000368632,9606.ENSP00000398698,GATA3,TNF,9606,0.633,0.0,0.0,0.0,0.044,0.0,0.0,0.632
9606.ENSP00000368632,9606.ENSP00000405890,GATA3,PBX1,9606,0.734,0.0,0.0,0.0,0.06,0.063,0.0,0.723
9606.ENSP00000368632,9606.ENSP00000497102,GATA3,CTLA4,9606,0.745,0.0,0.0,0.0,0.106,0.0,0.0,0.727
9606.ENSP00000369129,9606.ENSP00000379616,DSP,MYH11,9606,0.452,0.0,0.0,0.0,0.05,0.0,0.0,0.446
9606.ENSP00000371790,9606.ENSP00000388107,FGF9,UBA52,9606,0.517,0.0,0.0,0.0,0.074,0.0,0.5,0.0
9606.ENSP00000371790,9606.ENSP00000398698,FGF9,TNF,9606,0.647,0.0,0.0,0.0,0.0,0.0,0.0,0.647
9606.ENSP00000372023,9606.ENSP00000388107,CHEK2,UBA52,9606,0.499,0.0,0.0,0.0,0.0,0.0,0.5,0.0
9606.ENSP00000372023,9606.ENSP00000411532,CHEK2,TOP2A,9606,0.546,0.0,0.0,0.0,0.171,0.0,0.0,0.475
9606.ENSP00000372023,9606.ENSP00000378699,CHEK2,CDK1,9606,0.679,0.0,0.0,0.089,0.157,0.305,0.0,0.47
9606.ENSP00000376197,9606.ENSP00000497102,TFRC,CTLA4,9606,0.482,0.0,0.0,0.0,0.061,0.0,0.0,0.471
9606.ENSP00000376197,9606.ENSP00000398698,TFRC,TNF,9606,0.725,0.0,0.0,0.0,0.047,0.0,0.0,0.724
9606.ENSP00000376276,9606.ENSP00000498653,SRSF2,DEK,9606,0.509,0.0,0.0,0.0,0.16,0.287,0.0,0.247
9606.ENSP00000376276,9606.ENSP00000491215,SRSF2,HNRNPU,9606,0.746,0.0,0.0,0.0,0.274,0.0,0.4,0.463
9606.ENSP00000376544,9606.ENSP00000410481,CD79B,LTB,9606,0.47,0.0,0.0,0.0,0.377,0.0,0.0,0.184
9606.ENSP00000376544,9606.ENSP00000405574,CD79B,TBL1XR1,9606,0.489,0.0,0.0,0.0,0.0,0.0,0.0,0.489
9606.ENSP00000376544,9606.ENSP00000451506,CD79B,TCL1A,9606,0.651,0.0,0.0,0.0,0.424,0.0,0.0,0.419
9606.ENSP00000376544,9606.ENSP00000376786,CD79B,POU2AF1,9606,0.812,0.0,0.0,0.0,0.636,0.0,0.0,0.506
9606.ENSP00000376786,9606.ENSP00000451506,POU2AF1,TCL1A,9606,0.55,0.0,0.0,0.0,0.294,0.0,0.0,0.389
9606.ENSP00000378578,9606.ENSP00000380942,AFF1,ARHGEF12,9606,0.423,0.0,0.0,0.0,0.066,0.0,0.0,0.408
9606.ENSP00000378578,9606.ENSP00000379616,AFF1,MYH11,9606,0.543,0.0,0.0,0.0,0.044,0.094,0.0,0.515
9606.ENSP00000378578,9606.ENSP00000411532,AFF1,TOP2A,9606,0.547,0.0,0.0,0.0,0.042,0.071,0.0,0.532
9606.ENSP00000378578,9606.ENSP00000405890,AFF1,PBX1,9606,0.852,0.0,0.0,0.0,0.045,0.045,0.0,0.851
9606.ENSP00000378699,9606.ENSP00000398698,CDK1,TNF,9606,0.429,0.0,0.0,0.0,0.074,0.0,0.0,0.409
9606.ENSP00000378699,9606.ENSP00000388107,CDK1,UBA52,9606,0.55,0.0,0.0,0.0,0.0,0.0,0.5,0.138
9606.ENSP00000378699,9606.ENSP00000478927,CDK1,YAP1,9606,0.599,0.0,0.0,0.0,0.07,0.067,0.0,0.576
9606.ENSP00000378699,9606.ENSP00000411532,CDK1,TOP2A,9606,0.997,0.0,0.0,0.0,0.96,0.053,0.0,0.943
9606.ENSP00000379616,9606.ENSP00000405890,MYH11,PBX1,9606,0.448,0.0,0.0,0.0,0.047,0.0,0.0,0.445
9606.ENSP00000379616,9606.ENSP00000498653,MYH11,DEK,9606,0.575,0.0,0.0,0.0,0.0,0.0,0.0,0.575
9606.ENSP00000380942,9606.ENSP00000431012,ARHGEF12,ARHGEF10,9606,0.49,0.0,0.0,0.0,0.063,0.098,0.0,0.445
9606.ENSP00000388107,9606.ENSP00000478927,UBA52,YAP1,9606,0.411,0.0,0.0,0.0,0.0,0.384,0.0,0.084
9606.ENSP00000388107,9606.ENSP00000410402,UBA52,MAP2K4,9606,0.499,0.0,0.0,0.0,0.0,0.0,0.5,0.0
9606.ENSP00000388107,9606.ENSP00000398698,UBA52,TNF,9606,0.521,0.0,0.0,0.0,0.0,0.0,0.5,0.083
9606.ENSP00000388107,9606.ENSP00000448665,UBA52,DDIT3,9606,0.538,0.0,0.0,0.0,0.0,0.114,0.5,0.0
9606.ENSP00000398568,9606.ENSP00000432511,PRF1,JAK3,9606,0.471,0.0,0.0,0.0,0.157,0.084,0.0,0.37
9606.ENSP00000398568,9606.ENSP00000399168,PRF1,HLA-B,9606,0.643,0.0,0.0,0.239,0.127,0.0,0.0,0.507
9606.ENSP00000398568,9606.ENSP00000398698,PRF1,TNF,9606,0.808,0.0,0.0,0.0,0.088,0.065,0.0,0.793
9606.ENSP00000398568,9606.ENSP00000497102,PRF1,CTLA4,9606,0.85,0.0,0.0,0.0,0.167,0.0,0.0,0.828
9606.ENSP00000398698,9606.ENSP00000448665,TNF,DDIT3,9606,0.518,0.0,0.0,0.0,0.095,0.0,0.0,0.489
9606.ENSP00000398698,9606.ENSP00000491215,TNF,HNRNPU,9606,0.52,0.0,0.0,0.0,0.0,0.142,0.0,0.464
9606.ENSP00000398698,9606.ENSP00000432511,TNF,JAK3,9606,0.563,0.0,0.0,0.0,0.118,0.057,0.0,0.517
9606.ENSP00000398698,9606.ENSP00000410402,TNF,MAP2K4,9606,0.638,0.0,0.0,0.0,0.0,0.0,0.0,0.638
9606.ENSP00000398698,9606.ENSP00000410481,TNF,LTB,9606,0.707,0.0,0.0,0.0,0.253,0.0,0.5,0.279
9606.ENSP00000398698,9606.ENSP00000399168,TNF,HLA-B,9606,0.761,0.0,0.0,0.0,0.145,0.0,0.0,0.733
9606.ENSP00000398698,9606.ENSP00000497102,TNF,CTLA4,9606,0.873,0.0,0.0,0.0,0.094,0.0,0.0,0.865
9606.ENSP00000399168,9606.ENSP00000497102,HLA-B,CTLA4,9606,0.54,0.0,0.0,0.0,0.072,0.0,0.0,0.525
9606.ENSP00000406229,9606.ENSP00000478927,FAT1,YAP1,9606,0.682,0.0,0.0,0.0,0.336,0.18,0.0,0.464
9606.ENSP00000411532,9606.ENSP00000498653,TOP2A,DEK,9606,0.616,0.0,0.0,0.0,0.232,0.0,0.0,0.521
9606.ENSP00000432511,9606.ENSP00000497102,JAK3,CTLA4,9606,0.771,0.0,0.0,0.0,0.129,0.0,0.0,0.748
